{"cameraMode":{"drawMode":0,"name":"Shaded","section":"Shading Mode"},"sceneLighting":true,"audioPlay":false,"sceneViewState":{"m_AlwaysRefresh":false,"showFog":true,"showSkybox":true,"showFlares":true,"showImageEffects":true,"showParticleSystems":true,"showVisualEffectGraphs":true,"m_FxEnabled":true},"in2DMode":false,"pivot":{"x":874.6823120117188,"y":347.2923278808594,"z":1748.5098876953125},"rotation":{"x":0.04139997810125351,"y":0.9582439661026001,"z":-0.18627749383449555,"w":0.21296866238117219},"size":6.964194297790527,"orthographic":false}