{"cameraMode":{"drawMode":0,"name":"Shaded","section":"Shading Mode"},"sceneLighting":true,"audioPlay":false,"sceneViewState":{"m_AlwaysRefresh":false,"showFog":true,"showSkybox":true,"showFlares":true,"showImageEffects":true,"showParticleSystems":true,"showVisualEffectGraphs":true,"m_FxEnabled":true},"in2DMode":false,"pivot":{"x":452.1513366699219,"y":28.905305862426759,"z":-3.7330989837646486},"rotation":{"x":0.06445427238941193,"y":0.005987341981381178,"z":-0.0003867178747896105,"w":0.9979026317596436},"size":151.47422790527345,"orthographic":false}